{
  "johnleider": {
    "discord": "johnleider",
    "focus": [
      "[vuetifyjs/*](https://github.com/vuetifyjs)"
    ],
    "funding": [
      "[GitHub Sponsors](https://github.com/sponsors/johnleider)",
      "[Patreon](https://patreon.com/vuetify)",
      "[Paypal](https://paypal.me/vuetify)"
    ],
    "languages": [
      "English"
    ],
    "linkedin": "john-leider-626183a2",
    "location": "Keller, TX, USA",
    "name": "John Leider",
    "team": "company",
    "twitter": "zeroskillz",
    "work": "Engineer @ Vuetify",
    "joined": "Jun 2016"
  },
  "heatherleider": {
    "discord": "heatherleider",
    "focus": [
      "[vuetifyjs/*](https://github.com/vuetifyjs)"
    ],
    "languages": [
      "English"
    ],
    "location": "Keller, TX, USA",
    "name": "Heather Leider",
    "team": "company",
    "twitter": "grneyedgrl01",
    "work": "COO @ Vuetify",
    "joined": "Nov 2019"
  },
  "KaelWD": {
    "discord": "kaelwd",
    "focus": [
      "[vuetifyjs/*](https://github.com/vuetifyjs)",
      "[vuetify-loader](https://github.com/vuetifyjs/vuetify-loader)",
      "[eslint-plugin-vuetify](https://github.com/vuetifyjs/eslint-plugin-vuetify)"
    ],
    "funding": [
      "[GitHub Sponsors](https://github.com/sponsors/kaelwd)",
      "[Patreon](https://patreon.com/kaelwd)",
      "[Open Collective](https://opencollective.com/vuetify)"
    ],
    "languages": [
      "English"
    ],
    "location": "Melbourne, Australia",
    "name": "Kael Watts-Deuchar",
    "team": "core",
    "twitter": "kaelwd",
    "joined": "Oct 2017"
  },
  "nekosaur": {
    "discord": ".nekosaur",
    "focus": [
      "[vuetifyjs](https://github.com/vuetifyjs)"
    ],
    "languages": [
      "Swedish",
      "English"
    ],
    "location": "Malmö, Sweden",
    "name": "Albert Kaaman",
    "team": "core",
    "joined": "Jun 2017"
  },
  "MajesticPotatoe": {
    "discord": "majesticpotatoe",
    "focus": [
      "[vuetifyjs](https://github.com/vuetifyjs)",
      "[vuetifyjs/docs](https://github.com/vuetifyjs/vuetify/tree/master/packages/docs)"
    ],
    "funding": [
      "[GitHub Sponsors](https://github.com/sponsors/majesticpotatoe)",
      "[Open Collective](https://opencollective.com/vuetify)"
    ],
    "languages": [
      "English"
    ],
    "linkedin": "andrew-henry-01049830",
    "location": "Rochester, NY, USA",
    "name": "Andrew Henry",
    "team": "core",
    "twitter": "SeeMWhyK",
    "joined": "Dec 2018"
  },
  "blalan05": {
    "discord": "blalan05",
    "focus": [
      "[vuetifyjs](https://github.com/vuetifyjs)"
    ],
    "languages": [
      "English"
    ],
    "linkedin": "blalan05",
    "location": "Wisconsin, USA",
    "name": "Blaine Landowski",
    "team": "core",
    "work": "CEO at Foundational Technologies LLC",
    "joined": "Feb 2021"
  },
  "elvinagarcia": {
    "avatar": "https://pbs.twimg.com/profile_images/1641112338995748866/lVvo6nob_400x400.png",
    "discord": "elvinagarcia",
    "focus": [
      "Design/Animations"
    ],
    "languages": [
      "English"
    ],
    "location": "Virginia, USA",
    "name": "Elvina Garcia",
    "team": "core",
    "joined": "Feb 2023"
  },
  "yuwu9145": {
    "discord": "yuwu9145",
    "focus": [
      "[vuetifyjs](https://github.com/vuetifyjs)"
    ],
    "languages": [
      "English",
      "Chinese(Mandarin)"
    ],
    "location": "Melbourne, Australia",
    "name": "Yuchao Wu",
    "team": "core",
    "joined": "Mar 2023"
  }
}
